,name,freeze_layer
0,bert.embeddings.word_embeddings.weight,True
1,bert.embeddings.position_embeddings.weight,True
2,bert.embeddings.token_type_embeddings.weight,True
3,bert.embeddings.LayerNorm.weight,True
4,bert.embeddings.LayerNorm.bias,True
5,bert.encoder.layer.0.attention.self.query.weight,True
6,bert.encoder.layer.0.attention.self.query.bias,True
7,bert.encoder.layer.0.attention.self.key.weight,True
8,bert.encoder.layer.0.attention.self.key.bias,True
9,bert.encoder.layer.0.attention.self.value.weight,True
10,bert.encoder.layer.0.attention.self.value.bias,True
11,bert.encoder.layer.0.attention.output.dense.weight,True
12,bert.encoder.layer.0.attention.output.dense.bias,True
13,bert.encoder.layer.0.attention.output.LayerNorm.weight,True
14,bert.encoder.layer.0.attention.output.LayerNorm.bias,True
15,bert.encoder.layer.0.intermediate.dense.weight,True
16,bert.encoder.layer.0.intermediate.dense.bias,True
17,bert.encoder.layer.0.output.dense.weight,True
18,bert.encoder.layer.0.output.dense.bias,True
19,bert.encoder.layer.0.output.LayerNorm.weight,True
20,bert.encoder.layer.0.output.LayerNorm.bias,True
21,bert.encoder.layer.1.attention.self.query.weight,False
22,bert.encoder.layer.1.attention.self.query.bias,False
23,bert.encoder.layer.1.attention.self.key.weight,True
24,bert.encoder.layer.1.attention.self.key.bias,True
25,bert.encoder.layer.1.attention.self.value.weight,True
26,bert.encoder.layer.1.attention.self.value.bias,True
27,bert.encoder.layer.1.attention.output.dense.weight,False
28,bert.encoder.layer.1.attention.output.dense.bias,False
29,bert.encoder.layer.1.attention.output.LayerNorm.weight,True
30,bert.encoder.layer.1.attention.output.LayerNorm.bias,True
31,bert.encoder.layer.1.intermediate.dense.weight,True
32,bert.encoder.layer.1.intermediate.dense.bias,True
33,bert.encoder.layer.1.output.dense.weight,True
34,bert.encoder.layer.1.output.dense.bias,True
35,bert.encoder.layer.1.output.LayerNorm.weight,True
36,bert.encoder.layer.1.output.LayerNorm.bias,True
37,bert.encoder.layer.2.attention.self.query.weight,False
38,bert.encoder.layer.2.attention.self.query.bias,False
39,bert.encoder.layer.2.attention.self.key.weight,True
40,bert.encoder.layer.2.attention.self.key.bias,True
41,bert.encoder.layer.2.attention.self.value.weight,True
42,bert.encoder.layer.2.attention.self.value.bias,True
43,bert.encoder.layer.2.attention.output.dense.weight,True
44,bert.encoder.layer.2.attention.output.dense.bias,True
45,bert.encoder.layer.2.attention.output.LayerNorm.weight,True
46,bert.encoder.layer.2.attention.output.LayerNorm.bias,True
47,bert.encoder.layer.2.intermediate.dense.weight,True
48,bert.encoder.layer.2.intermediate.dense.bias,True
49,bert.encoder.layer.2.output.dense.weight,True
50,bert.encoder.layer.2.output.dense.bias,True
51,bert.encoder.layer.2.output.LayerNorm.weight,True
52,bert.encoder.layer.2.output.LayerNorm.bias,True
53,bert.encoder.layer.3.attention.self.query.weight,True
54,bert.encoder.layer.3.attention.self.query.bias,True
55,bert.encoder.layer.3.attention.self.key.weight,False
56,bert.encoder.layer.3.attention.self.key.bias,False
57,bert.encoder.layer.3.attention.self.value.weight,True
58,bert.encoder.layer.3.attention.self.value.bias,True
59,bert.encoder.layer.3.attention.output.dense.weight,True
60,bert.encoder.layer.3.attention.output.dense.bias,True
61,bert.encoder.layer.3.attention.output.LayerNorm.weight,True
62,bert.encoder.layer.3.attention.output.LayerNorm.bias,True
63,bert.encoder.layer.3.intermediate.dense.weight,True
64,bert.encoder.layer.3.intermediate.dense.bias,True
65,bert.encoder.layer.3.output.dense.weight,True
66,bert.encoder.layer.3.output.dense.bias,True
67,bert.encoder.layer.3.output.LayerNorm.weight,True
68,bert.encoder.layer.3.output.LayerNorm.bias,True
69,bert.encoder.layer.4.attention.self.query.weight,True
70,bert.encoder.layer.4.attention.self.query.bias,True
71,bert.encoder.layer.4.attention.self.key.weight,True
72,bert.encoder.layer.4.attention.self.key.bias,True
73,bert.encoder.layer.4.attention.self.value.weight,True
74,bert.encoder.layer.4.attention.self.value.bias,True
75,bert.encoder.layer.4.attention.output.dense.weight,True
76,bert.encoder.layer.4.attention.output.dense.bias,True
77,bert.encoder.layer.4.attention.output.LayerNorm.weight,True
78,bert.encoder.layer.4.attention.output.LayerNorm.bias,True
79,bert.encoder.layer.4.intermediate.dense.weight,True
80,bert.encoder.layer.4.intermediate.dense.bias,True
81,bert.encoder.layer.4.output.dense.weight,True
82,bert.encoder.layer.4.output.dense.bias,True
83,bert.encoder.layer.4.output.LayerNorm.weight,True
84,bert.encoder.layer.4.output.LayerNorm.bias,True
85,bert.encoder.layer.5.attention.self.query.weight,True
86,bert.encoder.layer.5.attention.self.query.bias,True
87,bert.encoder.layer.5.attention.self.key.weight,True
88,bert.encoder.layer.5.attention.self.key.bias,True
89,bert.encoder.layer.5.attention.self.value.weight,True
90,bert.encoder.layer.5.attention.self.value.bias,True
91,bert.encoder.layer.5.attention.output.dense.weight,True
92,bert.encoder.layer.5.attention.output.dense.bias,True
93,bert.encoder.layer.5.attention.output.LayerNorm.weight,True
94,bert.encoder.layer.5.attention.output.LayerNorm.bias,True
95,bert.encoder.layer.5.intermediate.dense.weight,True
96,bert.encoder.layer.5.intermediate.dense.bias,True
97,bert.encoder.layer.5.output.dense.weight,True
98,bert.encoder.layer.5.output.dense.bias,True
99,bert.encoder.layer.5.output.LayerNorm.weight,True
100,bert.encoder.layer.5.output.LayerNorm.bias,True
101,bert.encoder.layer.6.attention.self.query.weight,True
102,bert.encoder.layer.6.attention.self.query.bias,True
103,bert.encoder.layer.6.attention.self.key.weight,True
104,bert.encoder.layer.6.attention.self.key.bias,True
105,bert.encoder.layer.6.attention.self.value.weight,True
106,bert.encoder.layer.6.attention.self.value.bias,True
107,bert.encoder.layer.6.attention.output.dense.weight,True
108,bert.encoder.layer.6.attention.output.dense.bias,True
109,bert.encoder.layer.6.attention.output.LayerNorm.weight,True
110,bert.encoder.layer.6.attention.output.LayerNorm.bias,True
111,bert.encoder.layer.6.intermediate.dense.weight,True
112,bert.encoder.layer.6.intermediate.dense.bias,True
113,bert.encoder.layer.6.output.dense.weight,False
114,bert.encoder.layer.6.output.dense.bias,False
115,bert.encoder.layer.6.output.LayerNorm.weight,True
116,bert.encoder.layer.6.output.LayerNorm.bias,True
117,bert.encoder.layer.7.attention.self.query.weight,True
118,bert.encoder.layer.7.attention.self.query.bias,True
119,bert.encoder.layer.7.attention.self.key.weight,True
120,bert.encoder.layer.7.attention.self.key.bias,True
121,bert.encoder.layer.7.attention.self.value.weight,True
122,bert.encoder.layer.7.attention.self.value.bias,True
123,bert.encoder.layer.7.attention.output.dense.weight,True
124,bert.encoder.layer.7.attention.output.dense.bias,True
125,bert.encoder.layer.7.attention.output.LayerNorm.weight,True
126,bert.encoder.layer.7.attention.output.LayerNorm.bias,True
127,bert.encoder.layer.7.intermediate.dense.weight,True
128,bert.encoder.layer.7.intermediate.dense.bias,True
129,bert.encoder.layer.7.output.dense.weight,True
130,bert.encoder.layer.7.output.dense.bias,True
131,bert.encoder.layer.7.output.LayerNorm.weight,True
132,bert.encoder.layer.7.output.LayerNorm.bias,True
133,bert.encoder.layer.8.attention.self.query.weight,True
134,bert.encoder.layer.8.attention.self.query.bias,True
135,bert.encoder.layer.8.attention.self.key.weight,True
136,bert.encoder.layer.8.attention.self.key.bias,True
137,bert.encoder.layer.8.attention.self.value.weight,False
138,bert.encoder.layer.8.attention.self.value.bias,False
139,bert.encoder.layer.8.attention.output.dense.weight,True
140,bert.encoder.layer.8.attention.output.dense.bias,True
141,bert.encoder.layer.8.attention.output.LayerNorm.weight,True
142,bert.encoder.layer.8.attention.output.LayerNorm.bias,True
143,bert.encoder.layer.8.intermediate.dense.weight,True
144,bert.encoder.layer.8.intermediate.dense.bias,True
145,bert.encoder.layer.8.output.dense.weight,True
146,bert.encoder.layer.8.output.dense.bias,True
147,bert.encoder.layer.8.output.LayerNorm.weight,True
148,bert.encoder.layer.8.output.LayerNorm.bias,True
149,bert.encoder.layer.9.attention.self.query.weight,True
150,bert.encoder.layer.9.attention.self.query.bias,True
151,bert.encoder.layer.9.attention.self.key.weight,True
152,bert.encoder.layer.9.attention.self.key.bias,True
153,bert.encoder.layer.9.attention.self.value.weight,True
154,bert.encoder.layer.9.attention.self.value.bias,True
155,bert.encoder.layer.9.attention.output.dense.weight,True
156,bert.encoder.layer.9.attention.output.dense.bias,True
157,bert.encoder.layer.9.attention.output.LayerNorm.weight,True
158,bert.encoder.layer.9.attention.output.LayerNorm.bias,True
159,bert.encoder.layer.9.intermediate.dense.weight,True
160,bert.encoder.layer.9.intermediate.dense.bias,True
161,bert.encoder.layer.9.output.dense.weight,True
162,bert.encoder.layer.9.output.dense.bias,True
163,bert.encoder.layer.9.output.LayerNorm.weight,True
164,bert.encoder.layer.9.output.LayerNorm.bias,True
165,bert.encoder.layer.10.attention.self.query.weight,True
166,bert.encoder.layer.10.attention.self.query.bias,True
167,bert.encoder.layer.10.attention.self.key.weight,True
168,bert.encoder.layer.10.attention.self.key.bias,True
169,bert.encoder.layer.10.attention.self.value.weight,True
170,bert.encoder.layer.10.attention.self.value.bias,True
171,bert.encoder.layer.10.attention.output.dense.weight,True
172,bert.encoder.layer.10.attention.output.dense.bias,True
173,bert.encoder.layer.10.attention.output.LayerNorm.weight,True
174,bert.encoder.layer.10.attention.output.LayerNorm.bias,True
175,bert.encoder.layer.10.intermediate.dense.weight,True
176,bert.encoder.layer.10.intermediate.dense.bias,True
177,bert.encoder.layer.10.output.dense.weight,True
178,bert.encoder.layer.10.output.dense.bias,True
179,bert.encoder.layer.10.output.LayerNorm.weight,True
180,bert.encoder.layer.10.output.LayerNorm.bias,True
181,bert.encoder.layer.11.attention.self.query.weight,True
182,bert.encoder.layer.11.attention.self.query.bias,True
183,bert.encoder.layer.11.attention.self.key.weight,True
184,bert.encoder.layer.11.attention.self.key.bias,True
185,bert.encoder.layer.11.attention.self.value.weight,True
186,bert.encoder.layer.11.attention.self.value.bias,True
187,bert.encoder.layer.11.attention.output.dense.weight,True
188,bert.encoder.layer.11.attention.output.dense.bias,True
189,bert.encoder.layer.11.attention.output.LayerNorm.weight,True
190,bert.encoder.layer.11.attention.output.LayerNorm.bias,True
191,bert.encoder.layer.11.intermediate.dense.weight,True
192,bert.encoder.layer.11.intermediate.dense.bias,True
193,bert.encoder.layer.11.output.dense.weight,True
194,bert.encoder.layer.11.output.dense.bias,True
195,bert.encoder.layer.11.output.LayerNorm.weight,True
196,bert.encoder.layer.11.output.LayerNorm.bias,True
197,bert.pooler.dense.weight,True
198,bert.pooler.dense.bias,True
199,new_layer.weight,False
200,new_layer.bias,False
201,classifier.weight,False
202,classifier.bias,False
